INSERT INTO [Keyword] ([name]) VALUES 
	('New iCollection'),
	('Misc'),
	('Adding machines'),
	('Advertising posters'),
	('Air fresheners'),
	('Alarm clocks'),
	('Anatomical charts'),
	('Anchors'),
	('Ankhs'),
	('Antique furniture'),
	('Antique silver'),
	('Apothecary jars'),
	('Aardvark objects'),
	('Armor'),
	('Arrowheads'),
	('Arrows'),
	('Artist cards, editions, and originals'),
	('Ashtrays'),
	('Autographs'),
	('Axes and hatchets'),
	('Badges'),
	('Bagpipes'),
	('Bakelite jewelry'),
	('Banana labels'),
	('Barber chairs'),
	('Barbed wire'),
	('Barn doors'),
	('Bars of soap'),
	('Baseball cards'),
	('Beer cans'),
	('Beer steins'),
	('Bells'),
	('Belt buckles'),
	('Bicycles'),
	('Birdbaths'),
	('Birdhouses'),
	('Blasting machines'),
	('Blender'),
	('Blotter art'),
	('Blow dryers'),
	('Blueprints'),
	('Bonsai trees'),
	('Bookends'),
	('Bookmarks'),
	('Boogers'),
	('Boot scrapes'),
	('Bottle caps'),
	('Bowling balls'),
	('Boxes'),
	('Boxing gloves'),
	('Boy Scout memorabilia'),
	('Brochures'),
	('Bronze statues'),
	('Buckets or pails'),
	('Bullet holes'),
	('Bumper stickers'),
	('Burnt food'),
	('Business cards'),
	('Butter churns'),
	('Buttons'),
	('Calendars'),
	('Cameras'),
	('Candles'),
	('Candy wrappers'),
	('Car antenna balls or toppers'),
	('Carnivorous plants'),
	('Carved decoupage ostrich eggs'),
	('Caskets/coffins'),
	('Cash registers'),
	('Cassette tapes'),
	('Ceiling tins'),
	('Chainsaws'),
	('Chainsaw wood carvings and sculptures'),
	('Christmas ornaments'),
	('Cigar boxes'),
	('Cigarette cases'),
	('Clocks'),
	('Clothes hangers'),
	('Coasters'),
	('Coins and money'),
	('Coke merchandise'),
	('Collectible statues'),
	('Coloring pages'),
	('Comic books'),
	('Compasses'),
	('Computers'),
	('Concert posters'),
	('Corbels'),
	('Corkscrews'),
	('Correspondence'),
	('Cracker Jack prizes'),
	('Crate labels'),
	('Crosses'),
	('Decorative wall plates'),
	('Dentistry tools'),
	('Depression glass'),
	('Dice'),
	('Dinosaur bones'),
	('Dirt or earth'),
	('Display cases'),
	('Diving helmets'),
	('Dollhouses'),
	('Doorknobs'),
	('Door knockers'),
	('Doors'),
	('Dried flowers and plants'),
	('Drive-in movie theater speakers'),
	('Drums'),
	('Duck calls'),
	('Duck decoys'),
	('Dust jackets'),
	('Eggs'),
	('Election buttons'),
	('Electric fans'),
	('Erasers'),
	('Exotic and rare fish'),
	('Film cells'),
	('Fingerprint cards'),
	('Finials'),
	('Fire pokers'),
	('Fishing lures'),
	('Flags'),
	('Flutes'),
	('Fountain pens'),
	('Frog-related stuff'),
	('Gargoyle collectibles'),
	('Gas masks'),
	('Gavels'),
	('Glass eyes'),
	('Golf balls'),
	('Greeting cards'),
	('Guitar picks'),
	('Guitars'),
	('Gumball machines'),
	('Halloween memorabilia'),
	('Hammers'),
	('Handcuffs'),
	('Hand well water pumps'),
	('Handwritten letters by famous people'),
	('Happy Meal toys'),
	('Harmonicas'),
	('Harpoons'),
	('Hatpins'),
	('Hats'),
	('Hockey sticks'),
	('Hood ornaments'),
	('Houdini memorabilia'),
	('Humidors'),
	('Hummel figurines'),
	('Insects'),
	('Japanese warrior dolls'),
	('Jigsaw puzzles'),
	('Journals'),
	('Juice boxes'),
	('Keychains'),
	('Keys'),
	('KFC memorabilia'),
	('Knives'),
	('Kool-Aid memorabilia'),
	('Lanterns'),
	('Letter openers'),
	('License plates'),
	('Light bulbs'),
	('Limited-edition prints'),
	('Lithographs'),
	('Locks'),
	('Logos'),
	('Longbows'),
	('Lottery tickets'),
	('Lunchboxes'),
	('Magnets'),
	('Magnifying glasses'),
	('Mandolins'),
	('Maps'),
	('Marbles'),
	('Masks'),
	('Mason jars'),
	('Matchbooks'),
	('Mechanical banks'),
	('Medieval torture devices'),
	('Memorial cards'),
	('Memory jugs'),
	('Meteorites'),
	('Microphones'),
	('Microscopes'),
	('Microwaves'),
	('Milk glass'),
	('Mirrors'),
	('Model railroads'),
	('Model ships'),
	('Movie concept art'),
	('Movie posters'),
	('Movie props'),
	('Movie and TV scripts'),
	('Mortars and pestles'),
	('Motorcycles'),
	('Mug shots'),
	('Native American headdresses'),
	('Newspapers'),
	('NFL memorabilia'),
	('Ninja weapons'),
	('Nutcrackers'),
	('Oil cans'),
	('Olympic medals'),
	('Original animation production cels'),
	('Original comic book art'),
	('Ouija boards'),
	('Pacifiers'),
	('Paintings'),
	('Paperweights'),
	('Pencils'),
	('Pencil sharpeners and/or dispensers'),
	('Pens'),
	('Pepsi merchandise'),
	('Perfume bottles'),
	('PEZ candy dispensers'),
	('Photographs'),
	('Pianos'),
	('Picture frames'),
	('Pinball machines'),
	('Playing cards'),
	('Pocket knives'),
	('Pogo sticks'),
	('PostCards'),
	('Pots and cauldrons'),
	('Pottery'),
	('Portholes'),
	('Propellers'),
	('Puppets'),
	('Purses'),
	('Puzzles'),
	('Radios'),
	('Rare fish'),
	('Recipe books'),
	('Remembrance Jewelry'),
	('Remote controls'),
	('Restaurant menus'),
	('Rock and mineral specimens'),
	('Rubber ducks'),
	('Safes'),
	('Salt and pepper shakers'),
	('Sand'),
	('Saxophones'),
	('Scales'),
	('Seashells'),
	('Sewing machines'),
	('Sextants'),
	('Sheet music'),
	('Shields'),
	('Shoes'),
	('Shot glasses'),
	('Shrunken heads'),
	('Signs'),
	('Skateboards'),
	('Skulls'),
	('Sleds'),
	('Slot cars'),
	('Snowflakes'),
	('Snow globes'),
	('Snuff boxes'),
	('Spectacles or reading glasses'),
	('Spools of thread'),
	('Spoons'),
	('Stamps'),
	('Staplers'),
	('Stock certificates'),
	('Street signs'),
	('Straight razors'),
	('Stuffed animals'),
	('Sundials'),
	('Sunglasses'),
	('Super Bowl rings'),
	('Surfboards'),
	('Swizzle sticks'),
	('Swords'),
	('Stars'),
	('The bones of famous people'),
	('Time'),
	('Tattoos'),
	('Teddy bears'),
	('Teeth'),
	('Telescopes'),
	('Telegraphs'),
	('Thermometers'),
	('Thimbles'),
	('Thumbscrews'),
	('Ticket stubs'),
	('Ties'),
	('Tiffany'),
	('Tiles'),
	('Toasters'),
	('Tombstones/headstones'),
	('Toothbrushes'),
	('Tooth extractors'),
	('Totem poles'),
	('Tractors'),
	('Travel stickers'),
	('Troll Dolls'),
	('Trumpets'),
	('T-shirts'),
	('Typewriters'),
	('Vampire-hunting kits'),
	('Venom'),
	('VHS tapes'),
	('Video games'),
	('Vintage labels'),
	('Vintage Paper'),
	('Vintage suitcases'),
	('Vintage toy boxes'),
	('Vinyl records'),
	('Violins'),
	('Voodoo memorabilia'),
	('Wagons'),
	('Walking sticks'),
	('Wallets'),
	('Wall outlet covers'),
	('Wallpaper'),
	('Wall sconces'),
	('Wands'),
	('Wanted posters'),
	('Washing machines'),
	('Wasps'),
	('Watches'),
	('Water'),
	('Water goblets'),
	('Watermelon collectibles'),
	('Watering cans'),
	('Water nozzles'),
	('Weathervanes'),
	('Wedding dresses'),
	('Werewolf art'),
	('Wetsuits'),
	('Whale calls'),
	('Wheelbarrows'),
	('Wheelchairs'),
	('Wheels'),
	('Whips'),
	('Whirlers'),
	('Whiskey labels'),
	('Whistles'),
	('Wiccan paraphernalia or witch stuff'),
	('Wicker furniture'),
	('Wigs'),
	('Wildflowers'),
	('Winches'),
	('Windchimes'),
	('Windmills'),
	('Wine'),
	('Wishes'),
	('Wolf figurines'),
	('Wooden barrels'),
	('Wooden beams'),
	('Wrappers'),
	('Wreaths'),
	('Wrenches'),
	('Wrestling memorabilia'),
	('Wristbands'),
	('Yellow things'),
	('Yokes'),
	('Yo-yos'),
	('Zany things'),
	('Zebra statues'),
	('Zippers'),
	('Zippo lighters'),
	('Zodiac-related objects'),
	('Zombie statues or toys'),
	('Zoo warning signs');
	


	

INSERT INTO [Follow] (follower,followed,began) VALUES
	(1,2, '04/29/2021 5:50 AM'),
	(1,3, '04/25/2021 5:50 AM'),
	(1,4, '04/26/2021 5:50 AM'),
	(1,5, '04/27/2021 5:50 AM'),
	(1,6, '04/28/2021 5:50 AM'),
	(1,7, '04/29/2021 5:50 AM'),
	(1,8, '04/30/2021 5:50 AM'),

	(2,1, '04/28/2021 5:50 AM'),
	(2,3, '04/22/2021 5:50 AM'),
	(2,4, '04/23/2021 5:50 AM'),
	(2,5, '04/24/2021 5:50 AM'),
	(2,6, '04/25/2021 5:50 AM'),
	(2,7, '04/26/2021 5:50 AM'),
	(2,8, '04/27/2021 5:50 AM'),

	(3,1, '04/24/2021 5:50 AM'),
	(3,2, '04/24/2021 5:50 AM'),
	(3,4, '04/23/2021 5:50 AM'),
	(3,5, '04/22/2021 5:50 AM'),
	(3,6, '04/21/2021 5:50 AM'),
	(3,7, '04/20/2021 5:50 AM'),
	(3,8, '04/19/2021 5:50 AM'),

	(4,1, '04/14/2021 5:50 AM'),
	(4,2, '04/14/2021 5:50 AM'),
	(4,3, '04/13/2021 5:50 AM'),
	(4,5, '04/14/2021 5:50 AM'),
	(4,6, '04/14/2021 5:50 AM'),
	(4,7, '04/14/2021 5:50 AM'),
	(4,8, '04/14/2021 5:50 AM'),

	(5,1, '04/17/2021 4:52 AM'),
	(5,2, '04/17/2021 4:52 AM'),
	(5,3, '04/17/2021 4:52 AM'),
	(5,4, '04/17/2021 4:52 AM'),
	(5,6, '04/17/2021 4:52 AM'),
	(5,7, '04/19/2021 5:51 AM'),
	(5,8, '04/12/2021 6:50 AM'),

	(6,1, '04/26/2021 5:52 AM'),
	(6,2, '04/26/2021 5:52 AM'),
	(6,3, '04/26/2021 5:52 AM'),
	(6,4, '04/26/2021 5:52 AM'),
	(6,5, '04/26/2021 5:52 AM'),
	(6,7, '04/26/2021 5:52 AM'),
	(6,8, '04/15/2021 5:58 AM'),
	
	(7,1, '04/13/2021 5:33 AM'),
	(7,2, '04/13/2021 5:33 AM'),
	(7,3, '04/13/2021 5:33 AM'),
	(7,4, '04/13/2021 5:33 AM'),
	(7,5, '04/13/2021 5:33 AM'),
	(7,6, '04/13/2021 5:35 AM'),
	(7,8, '04/13/2021 5:37 AM'),

	(8,1, '04/13/2021 5:54 AM'),
	(8,2, '04/13/2021 5:54 AM'),
	(8,3, '04/13/2021 5:54 AM'),
	(8,4, '04/13/2021 5:54 AM'),
	(8,5, '04/13/2021 5:54 AM'),
	(8,6, '04/13/2021 5:55 AM'),
	(8,7, '04/13/2021 5:56 AM');




/*--------    TaliaK / knott@example.com  iCollections  -----------*/

INSERT INTO [Collection](name,visibility,user_id,date_made,Description,route) VALUES
	('Royal Ocean', 1, '1', '2021-05-22 00:59:39.713','Royal Caribbean ', 'ocean_environment'),
	('Card Gallery', 1, '1', '2021-05-22 01:01:58.080','The only Cards I got left', 'gallery_environment');

INSERT INTO [CollectionPhoto] (collect_id,photo_id,photo_rank,title,Description,date_added) VALUES
	(1,12,1,'collection photo title','collection photo description','2021-05-22 00:59:41.063'),
	(1,13,1,'collection photo title','collection photo description','2021-05-22 00:59:41.063'),
	(1,25,1,'collection photo title','collection photo description','2021-05-22 00:59:41.063'),
	(1,26,1,'collection photo title','collection photo description','2021-05-22 00:59:41.063'),
	(1,38,1,'collection photo title','collection photo description','2021-05-22 00:59:41.063'),
	(1,39,1,'collection photo title','collection photo description','2021-05-22 00:59:41.063'),
	(1,51,1,'collection photo title','collection photo description','2021-05-22 00:59:41.063'),
	(1,52,1,'collection photo title','collection photo description','2021-05-22 00:59:41.063'),


	(2,2,1,'collection photo title','collection photo description','2021-05-22 00:59:41.063'),
	(2,3,1,'collection photo title','collection photo description','2021-05-22 00:59:41.063'),
	(2,4,1,'collection photo title','collection photo description','2021-05-22 00:59:41.063'),
	(2,5,1,'collection photo title','collection photo description','2021-05-22 00:59:41.063'),
	(2,6,1,'collection photo title','collection photo description','2021-05-22 00:59:41.063'),
	(2,7,1,'collection photo title','collection photo description','2021-05-22 00:59:41.063'),
	(2,8,1,'collection photo title','collection photo description','2021-05-22 00:59:41.063'),
	(2,9,1,'collection photo title','collection photo description','2021-05-22 00:59:41.063'),
	(2,10,1,'collection photo title','collection photo description','2021-05-22 00:59:41.063'),
	(2,11,1,'collection photo title','collection photo description','2021-05-22 00:59:41.063'),
	(2,12,1,'collection photo title','collection photo description','2021-05-22 00:59:41.063'),
	(2,13,1,'collection photo title','collection photo description','2021-05-22 00:59:41.063'),
	(2,14,1,'collection photo title','collection photo description','2021-05-22 00:59:41.063'),
	(2,15,1,'collection photo title','collection photo description','2021-05-22 00:59:41.063'),
	(2,16,1,'collection photo title','collection photo description','2021-05-22 00:59:41.063'),
	(2,24,1,'collection photo title','collection photo description','2021-05-22 00:59:41.063'),
	(2,25,1,'collection photo title','collection photo description','2021-05-22 00:59:41.063'),
	(2,26,1,'collection photo title','collection photo description','2021-05-22 00:59:41.063'),
	(2,27,1,'collection photo title','collection photo description','2021-05-22 00:59:41.063'),
	(2,37,1,'collection photo title','collection photo description','2021-05-22 00:59:41.063'),
	(2,38,1,'collection photo title','collection photo description','2021-05-22 00:59:41.063'),
	(2,39,1,'collection photo title','collection photo description','2021-05-22 00:59:41.063'),
	(2,40,1,'collection photo title','collection photo description','2021-05-22 00:59:41.063'),
	(2,50,1,'collection photo title','collection photo description','2021-05-22 00:59:41.063'),
	(2,51,1,'collection photo title','collection photo description','2021-05-22 00:59:41.063'),
	(2,52,1,'collection photo title','collection photo description','2021-05-22 00:59:41.063');

INSERT INTO [CollectionKeyword] (collect_id,keyword_id) VALUES	
	(1,8),
	(2,221);


/*--------    ZaydenC / clark@example.com  iCollections  -----------*/

INSERT INTO [Collection](name,visibility,user_id,date_made,Description,route) VALUES
	('Dog Toy Gallery', 1, '2', '2021-05-22 00:10:29.843','This is the dog toy gallery description section area that ha', 'gallery_environment'),
	('Toys Overboard', 1, '2', '2021-05-22 00:14:44.517','THIS IS THE DESCRIPTION ICEBERG', 'ocean_environment');

INSERT INTO [CollectionPhoto] (collect_id,photo_id,photo_rank,title,Description,date_added) VALUES
	(3,54,1,'collection photo title','collection photo description','2021-05-22 00:10:29.843'),
	(3,55,1,'collection photo title','collection photo description','2021-05-22 00:10:29.843'),
	(3,56,1,'collection photo title','collection photo description','2021-05-22 00:10:29.843'),
	(3,57,1,'collection photo title','collection photo description','2021-05-22 00:10:29.843'),
	(3,58,1,'collection photo title','collection photo description','2021-05-22 00:10:29.843'),
	(3,59,1,'collection photo title','collection photo description','2021-05-22 00:10:29.843'),
	(3,60,1,'collection photo title','collection photo description','2021-05-22 00:10:29.843'),
	(3,61,1,'collection photo title','collection photo description','2021-05-22 00:10:29.843'),
	(3,62,1,'collection photo title','collection photo description','2021-05-22 00:10:29.843'),
	(3,63,1,'collection photo title','collection photo description','2021-05-22 00:10:29.843'),
	(3,64,1,'collection photo title','collection photo description','2021-05-22 00:10:29.843'),
	(3,65,1,'collection photo title','collection photo description','2021-05-22 00:10:29.843'),
	(3,66,1,'collection photo title','collection photo description','2021-05-22 00:10:29.843'),
	(3,67,1,'collection photo title','collection photo description','2021-05-22 00:10:29.843'),

	(4,53,1,'collection photo title','collection photo description','2021-05-22 00:14:44.843'),
	(4,54,1,'collection photo title','collection photo description','2021-05-22 00:14:44.843'),
	(4,56,1,'collection photo title','collection photo description','2021-05-22 00:14:44.843'),
	(4,58,1,'collection photo title','collection photo description','2021-05-22 00:14:44.843'),
	(4,59,1,'collection photo title','collection photo description','2021-05-22 00:14:44.843'),
	(4,60,1,'collection photo title','collection photo description','2021-05-22 00:14:44.843'),
	(4,61,1,'collection photo title','collection photo description','2021-05-22 00:14:44.843'),
	(4,66,1,'collection photo title','collection photo description','2021-05-22 00:14:44.843');

INSERT INTO [CollectionKeyword] (collect_id,keyword_id) VALUES	
	(3,2),
	(4,233);





/*--------    DavilaH / hareem@example.com  iCollections  -----------*/

INSERT INTO [Collection](name,visibility,user_id,date_made,Description,route) VALUES
	('Fish Gallery', 1, '3', '2021-05-22 01:58:51.560','The fish in the gallery', 'gallery_environment'),
	('How did I get Here Ocean', 1, '3', '2021-05-22 02:00:25.123','How did he get there', 'ocean_environment');

INSERT INTO [CollectionPhoto] (collect_id,photo_id,photo_rank,title,Description,date_added) VALUES
	(5,69,1,'collection photo title','collection photo description','2021-05-22 02:00:25.123'),
	(5,70,1,'collection photo title','collection photo description','2021-05-22 02:00:25.123'),
	(5,71,1,'collection photo title','collection photo description','2021-05-22 02:00:25.123'),
	(5,72,1,'collection photo title','collection photo description','2021-05-22 02:00:25.123'),
	(5,73,1,'collection photo title','collection photo description','2021-05-22 02:00:25.123'),
	(5,74,1,'collection photo title','collection photo description','2021-05-22 02:00:25.123'),
	(5,75,1,'collection photo title','collection photo description','2021-05-22 02:00:25.123'),
	(5,76,1,'collection photo title','collection photo description','2021-05-22 02:00:25.123'),


	(6,68,1,'collection photo title','collection photo description','2021-05-22 00:14:44.843'),
	(6,69,1,'collection photo title','collection photo description','2021-05-22 00:14:44.843'),
	(6,70,1,'collection photo title','collection photo description','2021-05-22 00:14:44.843'),
	(6,71,1,'collection photo title','collection photo description','2021-05-22 00:14:44.843'),
	(6,72,1,'collection photo title','collection photo description','2021-05-22 00:14:44.843'),
	(6,73,1,'collection photo title','collection photo description','2021-05-22 00:14:44.843'),
	(6,74,1,'collection photo title','collection photo description','2021-05-22 00:14:44.843'),
	(6,76,1,'collection photo title','collection photo description','2021-05-22 00:14:44.843');

INSERT INTO [CollectionKeyword] (collect_id,keyword_id) VALUES	
	(5,121),
	(6,1);





/*--------    KrzysztofP / krzysztof@example.com  iCollections  -----------*/

INSERT INTO [Collection](name,visibility,user_id,date_made,Description,route) VALUES
	('Puzzel Gallery', 1, '4', '2021-05-22 02:24:24.547','All the covid puzzels', 'gallery_environment'),
	('Water Puzzels in Ocean', 1, '4', '2021-05-22 02:22:55.863','The puzzels that have ocean in them or water', 'ocean_environment');

INSERT INTO [CollectionPhoto] (collect_id,photo_id,photo_rank,title,Description,date_added) VALUES
	(7,78,1,'collection photo title','collection photo description','2021-05-22 00:10:29.843'),
	(7,79,1,'collection photo title','collection photo description','2021-05-22 00:10:29.843'),
	(7,80,1,'collection photo title','collection photo description','2021-05-22 00:10:29.843'),
	(7,81,1,'collection photo title','collection photo description','2021-05-22 00:10:29.843'),
	(7,82,1,'collection photo title','collection photo description','2021-05-22 00:10:29.843'),
	(7,83,1,'collection photo title','collection photo description','2021-05-22 00:10:29.843'),
	(7,84,1,'collection photo title','collection photo description','2021-05-22 00:10:29.843'),
	(7,85,1,'collection photo title','collection photo description','2021-05-22 00:10:29.843'),
	(7,86,1,'collection photo title','collection photo description','2021-05-22 00:10:29.843'),
	(7,87,1,'collection photo title','collection photo description','2021-05-22 00:10:29.843'),
	(7,88,1,'collection photo title','collection photo description','2021-05-22 00:10:29.843'),
	(7,89,1,'collection photo title','collection photo description','2021-05-22 00:10:29.843'),
	(7,90,1,'collection photo title','collection photo description','2021-05-22 00:10:29.843'),
	(7,91,1,'collection photo title','collection photo description','2021-05-22 00:10:29.843'),
	(7,92,1,'collection photo title','collection photo description','2021-05-22 00:10:29.843'),
	(7,93,1,'collection photo title','collection photo description','2021-05-22 00:10:29.843'),
	(7,94,1,'collection photo title','collection photo description','2021-05-22 00:10:29.843'),
	(7,95,1,'collection photo title','collection photo description','2021-05-22 00:10:29.843'),
	(7,96,1,'collection photo title','collection photo description','2021-05-22 00:10:29.843'),
	(7,97,1,'collection photo title','collection photo description','2021-05-22 00:10:29.843'),
	(7,98,1,'collection photo title','collection photo description','2021-05-22 00:10:29.843'),
	(7,99,1,'collection photo title','collection photo description','2021-05-22 00:10:29.843'),
	(7,100,1,'collection photo title','collection photo description','2021-05-22 00:10:29.843'),
	(7,101,1,'collection photo title','collection photo description','2021-05-22 00:10:29.843'),
	(7,102,1,'collection photo title','collection photo description','2021-05-22 00:10:29.843'),
	(7,103,1,'collection photo title','collection photo description','2021-05-22 00:10:29.843'),
	(7,104,1,'collection photo title','collection photo description','2021-05-22 00:10:29.843'),
	(7,105,1,'collection photo title','collection photo description','2021-05-22 00:10:29.843'),
	(7,106,1,'collection photo title','collection photo description','2021-05-22 00:10:29.843'),


	(8,78,1,'collection photo title','collection photo description','2021-05-22 00:14:44.843'),
	(8,79,1,'collection photo title','collection photo description','2021-05-22 00:14:44.843'),
	(8,82,1,'collection photo title','collection photo description','2021-05-22 00:14:44.843'),
	(8,83,1,'collection photo title','collection photo description','2021-05-22 00:14:44.843'),
	(8,84,1,'collection photo title','collection photo description','2021-05-22 00:14:44.843'),
	(8,95,1,'collection photo title','collection photo description','2021-05-22 00:14:44.843'),
	(8,96,1,'collection photo title','collection photo description','2021-05-22 00:14:44.843'),
	(8,100,1,'collection photo title','collection photo description','2021-05-22 00:14:44.843');

INSERT INTO [CollectionKeyword] (collect_id,keyword_id) VALUES	
	(7,231),
	(8,231);





/*--------    AlphaTester1 / alphatester1@example.com  iCollections  -----------*/

INSERT INTO [Collection](name,visibility,user_id,date_made,Description,route) VALUES
	('Tool Gallery', 1, '5', '2021-05-22 02:52:19.063','Some of my most used tools', 'gallery_environment'),
	('sea saws and clam clamps', 1, '5', '2021-05-22 02:53:23.683','oh noes the rust is coming', 'ocean_environment');

INSERT INTO [CollectionPhoto] (collect_id,photo_id,photo_rank,title,Description,date_added) VALUES
	(9,108,1,'collection photo title','collection photo description','2021-05-22 00:10:29.843'),
	(9,109,1,'collection photo title','collection photo description','2021-05-22 00:10:29.843'),
	(9,110,1,'collection photo title','collection photo description','2021-05-22 00:10:29.843'),
	(9,111,1,'collection photo title','collection photo description','2021-05-22 00:10:29.843'),
	(9,112,1,'collection photo title','collection photo description','2021-05-22 00:10:29.843'),
	(9,113,1,'collection photo title','collection photo description','2021-05-22 00:10:29.843'),
	(9,114,1,'collection photo title','collection photo description','2021-05-22 00:10:29.843'),
	(9,115,1,'collection photo title','collection photo description','2021-05-22 00:10:29.843'),
	(9,116,1,'collection photo title','collection photo description','2021-05-22 00:10:29.843'),
	(9,117,1,'collection photo title','collection photo description','2021-05-22 00:10:29.843'),
	(9,118,1,'collection photo title','collection photo description','2021-05-22 00:10:29.843'),
	(9,119,1,'collection photo title','collection photo description','2021-05-22 00:10:29.843'),
	(9,120,1,'collection photo title','collection photo description','2021-05-22 00:10:29.843'),
	(9,121,1,'collection photo title','collection photo description','2021-05-22 00:10:29.843'),
	(9,122,1,'collection photo title','collection photo description','2021-05-22 00:10:29.843'),
	(9,123,1,'collection photo title','collection photo description','2021-05-22 00:10:29.843'),
	(9,124,1,'collection photo title','collection photo description','2021-05-22 00:10:29.843'),
	(9,125,1,'collection photo title','collection photo description','2021-05-22 00:10:29.843'),
	(9,126,1,'collection photo title','collection photo description','2021-05-22 00:10:29.843'),
	(9,127,1,'collection photo title','collection photo description','2021-05-22 00:10:29.843'),


	(10,108,1,'collection photo title','collection photo description','2021-05-22 00:14:44.843'),
	(10,109,1,'collection photo title','collection photo description','2021-05-22 00:14:44.843'),
	(10,113,1,'collection photo title','collection photo description','2021-05-22 00:14:44.843');

INSERT INTO [CollectionKeyword] (collect_id,keyword_id) VALUES	
	(9,2),
	(10,1);


/*--------    AlphaTester2 / alphatester2@example.com  iCollections   -----------*/

INSERT INTO [Collection](name,visibility,user_id,date_made,Description,route) VALUES
	('FLUFFYS FRIENDS', 1, '6', '2021-05-22 03:10:00.987','toys', 'gallery_environment'),
	('Bath Time Buddies', 1, '6', '2021-05-22 03:10:38.337','baths', 'ocean_environment');

INSERT INTO [CollectionPhoto] (collect_id,photo_id,photo_rank,title,Description,date_added) VALUES
	(11,130,1,'collection photo title','collection photo description','2021-05-22 00:10:29.843'),
	(11,131,1,'collection photo title','collection photo description','2021-05-22 00:10:29.843'),
	(11,132,1,'collection photo title','collection photo description','2021-05-22 00:10:29.843'),
	(11,133,1,'collection photo title','collection photo description','2021-05-22 00:10:29.843'),
	(11,134,1,'collection photo title','collection photo description','2021-05-22 00:10:29.843'),
	(11,135,1,'collection photo title','collection photo description','2021-05-22 00:10:29.843'),
	(11,136,1,'collection photo title','collection photo description','2021-05-22 00:10:29.843'),
	(11,137,1,'collection photo title','collection photo description','2021-05-22 00:10:29.843'),
	(11,138,1,'collection photo title','collection photo description','2021-05-22 00:10:29.843'),
	(11,139,1,'collection photo title','collection photo description','2021-05-22 00:10:29.843'),
	(11,140,1,'collection photo title','collection photo description','2021-05-22 00:10:29.843'),
	(11,141,1,'collection photo title','collection photo description','2021-05-22 00:10:29.843'),
	(11,142,1,'collection photo title','collection photo description','2021-05-22 00:10:29.843'),
	(11,143,1,'collection photo title','collection photo description','2021-05-22 00:10:29.843'),


	(12,129,1,'collection photo title','collection photo description','2021-05-22 00:14:44.843'),
	(12,130,1,'collection photo title','collection photo description','2021-05-22 00:14:44.843'),
	(12,132,1,'collection photo title','collection photo description','2021-05-22 00:14:44.843'),
	(12,136,1,'collection photo title','collection photo description','2021-05-22 00:14:44.843');

INSERT INTO [CollectionKeyword] (collect_id,keyword_id) VALUES	
	(11,1),
	(12,1);


/*--------    AlphaTester3 / alphatester3@example.com  iCollections   -----------*/

INSERT INTO [Collection](name,visibility,user_id,date_made,Description,route) VALUES
	('8 puzzel gallery', 1, '7', '2021-05-22 03:17:56.970','blah', 'gallery_environment'),
	('puzzel ocean', 1, '7', '2021-05-22 03:19:32.743','tired', 'ocean_environment');

INSERT INTO [CollectionPhoto] (collect_id,photo_id,photo_rank,title,Description,date_added) VALUES
	(13,145,1,'collection photo title','collection photo description','2021-05-22 00:10:29.843'),
	(13,146,1,'collection photo title','collection photo description','2021-05-22 00:10:29.843'),
	(13,147,1,'collection photo title','collection photo description','2021-05-22 00:10:29.843'),
	(13,148,1,'collection photo title','collection photo description','2021-05-22 00:10:29.843'),
	(13,149,1,'collection photo title','collection photo description','2021-05-22 00:10:29.843'),
	(13,150,1,'collection photo title','collection photo description','2021-05-22 00:10:29.843'),
	(13,151,1,'collection photo title','collection photo description','2021-05-22 00:10:29.843'),
	(13,152,1,'collection photo title','collection photo description','2021-05-22 00:10:29.843'),


	(14,145,1,'collection photo title','collection photo description','2021-05-22 00:14:44.843'),
	(14,146,1,'collection photo title','collection photo description','2021-05-22 00:14:44.843'),
	(14,150,1,'collection photo title','collection photo description','2021-05-22 00:14:44.843'),
	(14,162,1,'collection photo title','collection photo description','2021-05-22 00:14:44.843');

INSERT INTO [CollectionKeyword] (collect_id,keyword_id) VALUES	
	(13,2),
	(14,2);


/*--------    AlphaTester4 / alphatester4@example.com  iCollections   -----------*/

INSERT INTO [Collection](name,visibility,user_id,date_made,Description,route) VALUES
	('plyer screwdriver gallery', 1, '8', '2021-05-22 03:24:08.420','last one', 'gallery_environment'),
	('ocean with the allens and phil', 1, '8', '2021-05-22 03:25:12.740','get it', 'ocean_environment');

INSERT INTO [CollectionPhoto] (collect_id,photo_id,photo_rank,title,Description,date_added) VALUES
	(15,177,1,'collection photo title','collection photo description','2021-05-22 00:10:29.843'),
	(15,181,1,'collection photo title','collection photo description','2021-05-22 00:10:29.843'),
	(15,183,1,'collection photo title','collection photo description','2021-05-22 00:10:29.843'),
	(15,184,1,'collection photo title','collection photo description','2021-05-22 00:10:29.843'),
	(15,185,1,'collection photo title','collection photo description','2021-05-22 00:10:29.843'),
	(15,190,1,'collection photo title','collection photo description','2021-05-22 00:10:29.843'),
	(15,191,1,'collection photo title','collection photo description','2021-05-22 00:10:29.843'),


	(16,174,1,'collection photo title','collection photo description','2021-05-22 00:14:44.843'),
	(16,179,1,'collection photo title','collection photo description','2021-05-22 00:14:44.843'),
	(16,184,1,'collection photo title','collection photo description','2021-05-22 00:14:44.843'),
	(16,190,1,'collection photo title','collection photo description','2021-05-22 00:14:44.843');

INSERT INTO [CollectionKeyword] (collect_id,keyword_id) VALUES	
	(15,2),
	(16,1);